Plate,Datetime,Status
8AA0101,2025-07-29 17:25:19,Unauthorized
EBAAG101BAELAT,2025-07-29 17:25:19,Unauthorized
EBAAG101BAGMATI,2025-07-29 17:25:20,Unauthorized
BAAG101AAAT,2025-07-29 17:25:20,Unauthorized
EBBAG101BAGMATI,2025-07-29 17:25:21,Unauthorized
BAAG101B4GVATI,2025-07-29 17:25:22,Unauthorized
BAAG101BAGMAT,2025-07-29 17:25:22,Unauthorized
BAAG101BAGMATI,2025-07-29 17:25:23,Unauthorized
BAAG101346UA71,2025-07-29 17:25:24,Unauthorized
BAAG101AGMA,2025-07-29 17:25:24,Unauthorized
6BAAG1010A04A,2025-07-29 17:25:25,Unauthorized
BAA0101BAGMATI,2025-07-29 17:25:28,Unauthorized
BAAG1O1BAGMATU,2025-07-29 17:25:29,Unauthorized
BAA01O1BAGUA,2025-07-29 17:25:30,Unauthorized
BAA01D1BAGMATI,2025-07-29 17:25:30,Unauthorized
BAA1O1BAGMATI,2025-07-29 17:25:31,Unauthorized
EBAAG101QAGMAT,2025-07-29 17:25:31,Unauthorized
BAA0101BAGMAT,2025-07-29 17:25:32,Unauthorized
BAAG11BAGMATI,2025-07-29 17:25:33,Unauthorized
BAAG1G1BAGMATI,2025-07-29 17:25:34,Unauthorized
BAAG101B4GMATI,2025-07-29 17:25:34,Unauthorized
2BAAG101BAGMATI,2025-07-29 17:25:35,Unauthorized
BAAG1O1BAGMATI,2025-07-29 17:25:35,Unauthorized
BAAG101BAGMAII,2025-07-29 17:25:36,Unauthorized
BAAG1D13404,2025-07-29 17:25:36,Unauthorized
BAAG101CODA,2025-07-29 17:25:37,Unauthorized
BAAG1G1DAGMAT,2025-07-29 17:25:37,Unauthorized
BAA01O1WT,2025-07-29 17:25:38,Unauthorized
KBAAG1G1642,2025-07-29 17:25:38,Unauthorized
KBAA01O1BAGMAT,2025-07-29 17:25:38,Unauthorized
EBAAG101AOMAT,2025-07-29 17:25:39,Unauthorized
EBAAG1O1BAGMAT,2025-07-29 17:25:39,Unauthorized
EBAA01O1AGMATI,2025-07-29 17:25:40,Unauthorized
EBAAG1G1B4GMATI,2025-07-29 17:25:40,Unauthorized
EBAAG101BAG4474,2025-07-29 17:25:40,Unauthorized
EBAA01O1B4944,2025-07-29 17:25:41,Unauthorized
BAAG101AGMATI,2025-07-29 17:25:41,Unauthorized
EBAAG101BAGMAT,2025-07-29 17:25:42,Unauthorized
KBAA01016,2025-07-29 17:25:42,Unauthorized
BAAG101BEGMATI,2025-07-29 17:25:42,Unauthorized
BAAG101BAGMATI,2025-07-29 17:25:43,Unauthorized
EBAA0101BAGMATU,2025-07-29 17:25:43,Unauthorized
EBAAG101AGMATI,2025-07-29 17:25:44,Unauthorized
EBAAG101BAGMAT1,2025-07-29 17:25:44,Unauthorized
EBAA0101BAGMATI,2025-07-29 17:25:44,Unauthorized
BAA0101B4GV4,2025-07-29 17:25:45,Unauthorized
BAAG101,2025-07-29 17:25:46,Unauthorized
BAAG1G1,2025-07-29 17:25:46,Unauthorized
AAG1DI,2025-07-29 17:25:48,Unauthorized
EBAA0101BACH,2025-07-29 17:25:49,Unauthorized
EBAAG101,2025-07-29 17:25:49,Unauthorized
BAA0101NAGMA,2025-07-29 17:25:50,Unauthorized
BAAO1G1HATATA,2025-07-29 17:25:50,Unauthorized
BAAG10BAOMAT,2025-07-29 17:25:51,Unauthorized
BAA0101,2025-07-29 17:25:52,Unauthorized
BA401D1,2025-07-29 17:25:53,Unauthorized
AAG1G1,2025-07-29 17:25:53,Unauthorized
BAA0101BAGMATI,2025-07-29 17:25:54,Unauthorized
BAAG1G1BAGMATI,2025-07-29 17:25:55,Unauthorized
BAA01O1BAGMATI,2025-07-29 17:25:56,Unauthorized
BAA01O1BAGMAT,2025-07-29 17:25:57,Unauthorized
BAAG1G1BAGMATL,2025-07-29 17:25:57,Unauthorized
BAA0101BAGVATI,2025-07-29 17:25:59,Unauthorized
BAA0101BAGMAT,2025-07-29 17:26:00,Unauthorized
BAAG1O1BACVATI,2025-07-29 17:26:01,Unauthorized
BAA01DI,2025-07-29 17:26:03,Unauthorized
KBAA0101FAGMA,2025-07-29 17:26:04,Unauthorized
BBAA0101BAGMATI,2025-07-29 17:26:04,Unauthorized
BAA0101BAMA,2025-07-29 17:26:04,Unauthorized
BAA0101BAGAAT,2025-07-29 17:26:05,Unauthorized
BAA0101BAEMA,2025-07-29 17:26:06,Unauthorized
BAAO1D1BAGMATI,2025-07-29 17:26:07,Unauthorized
RBAA0101BAGMATI,2025-07-29 17:26:08,Unauthorized
73BAA0101BAGHATI,2025-07-29 17:26:09,Unauthorized
BAA0101EACMA,2025-07-29 17:26:09,Unauthorized
BAA0101BAGHATI,2025-07-29 17:26:10,Unauthorized
BAA0101BAGHA,2025-07-29 17:26:11,Unauthorized
BAAG101BAGUATI,2025-07-29 17:26:11,Unauthorized
BAA01O1BAG4447,2025-07-29 17:26:12,Unauthorized
BAAL1D1EACMAT,2025-07-29 17:26:12,Unauthorized
BAAC101BAGUAI,2025-07-29 17:26:13,Unauthorized
BAA01O1BAGHATI,2025-07-29 17:26:14,Unauthorized
BAAC1O1B4GMATI,2025-07-29 17:26:14,Unauthorized
BAAG101BAGMATI,2025-07-29 17:26:15,Unauthorized
BAA01O16GMATI,2025-07-29 17:26:15,Unauthorized
BAAG1O1BAGMATI,2025-07-29 17:26:16,Unauthorized
BBAAG101BAGH,2025-07-29 17:26:17,Unauthorized
BAA0101BAGMAF,2025-07-29 17:26:18,Unauthorized
RBAA0101BAGMAT,2025-07-29 17:26:18,Unauthorized
BBAA01D1B4GM4T,2025-07-29 17:26:19,Unauthorized
BAAD1M1,2025-07-29 17:26:19,Unauthorized
EAA01M1,2025-07-29 17:26:19,Unauthorized
KBAA01G1BASMAT,2025-07-29 17:26:20,Unauthorized
EBAAG1G1,2025-07-29 17:26:20,Unauthorized
KBAAG1G1E4G44,2025-07-29 17:26:21,Unauthorized
KBAA01O1BAGMA,2025-07-29 17:26:21,Unauthorized
BAAG101BASVA,2025-07-29 17:26:22,Unauthorized
BAAG101BAGVA,2025-07-29 17:26:22,Unauthorized
BAAG101,2025-07-29 17:26:22,Unauthorized
BAA101,2025-07-29 17:26:23,Unauthorized
EAMMS,2025-07-29 17:26:23,Unauthorized
RBAAG1G1BAGMAR,2025-07-29 17:26:24,Unauthorized
KBAA0101BAGMA,2025-07-29 17:26:24,Unauthorized
BAAG1G1BACMA,2025-07-29 17:26:25,Unauthorized
EBAA01O1,2025-07-29 17:26:26,Unauthorized
EBAAG1D1,2025-07-29 17:26:26,Unauthorized
KBAA01G1BAGMA,2025-07-29 17:26:26,Unauthorized
BBAAG1G1BAGMA,2025-07-29 17:26:27,Unauthorized
KBAAG1G1BAGMAT,2025-07-29 17:26:28,Unauthorized
BAAG101BAGMAT,2025-07-29 17:26:29,Unauthorized
KBAAG1G1BAGM4,2025-07-29 17:26:30,Unauthorized
BAAG1G1BAGMA,2025-07-29 17:26:31,Unauthorized
BAAG1O1FAGMA,2025-07-29 17:26:32,Unauthorized
KBAAG1G1AGME,2025-07-29 17:26:34,Unauthorized
BBAAG1G1PAGUA,2025-07-29 17:26:35,Unauthorized
KBAAG1G1CAGA,2025-07-29 17:26:36,Unauthorized
RBAAG1G1BAGKAE,2025-07-29 17:26:37,Unauthorized
BAAG1G1B4CM2,2025-07-29 17:26:38,Unauthorized
KBAAG1G1AD,2025-07-29 17:26:40,Unauthorized
EBAA0101,2025-07-29 17:26:40,Unauthorized
KBAAG101BAGMAE,2025-07-29 17:26:41,Unauthorized
BAAG1G1AC4A,2025-07-29 17:26:43,Unauthorized
5BAAG1G1BASMA,2025-07-29 17:26:44,Unauthorized
KBAAG1G1BAGMA,2025-07-29 17:26:45,Unauthorized
BAAG101DACMA,2025-07-29 17:26:45,Unauthorized
KBAAG1616A447,2025-07-29 17:26:46,Unauthorized
RBAAG1O1BAGMA,2025-07-29 17:26:46,Unauthorized
BBAAG101BACMAT,2025-07-29 17:26:47,Unauthorized
KBAAG1G1BAG44,2025-07-29 17:26:47,Unauthorized
BBAA101BAA,2025-07-29 17:26:48,Unauthorized
KBAA0101BAGK4,2025-07-29 17:26:48,Unauthorized
BAAG101AAGUA,2025-07-29 17:26:49,Unauthorized
KBAAG1G1EFMA,2025-07-29 17:26:49,Unauthorized
KBAAG1G1BAGMAT,2025-07-29 17:26:50,Unauthorized
KBAAG1O1,2025-07-29 17:26:51,Unauthorized
KBAAG1O1BEMAF,2025-07-29 17:26:51,Unauthorized
KBAAG1O1EEKAT,2025-07-29 17:26:52,Unauthorized
EBAA010I,2025-07-29 17:26:52,Unauthorized
BAA0101,2025-07-29 17:26:53,Unauthorized
BAAG101,2025-07-29 17:26:53,Unauthorized
EBAAG1O1,2025-07-29 17:26:54,Unauthorized
EBAAG101,2025-07-29 17:26:55,Unauthorized
BAA01O1,2025-07-29 17:26:56,Unauthorized
1BAA0101,2025-07-29 17:26:56,Unauthorized
BAAD1O1,2025-07-29 17:26:57,Unauthorized
EBAA01G1,2025-07-29 17:26:58,Unauthorized
KBAAG101EAEAA,2025-07-29 17:26:59,Unauthorized
BAA0101I4I,2025-07-29 17:27:01,Unauthorized
KBAA101,2025-07-29 17:27:02,Unauthorized
KBAA0101,2025-07-29 17:27:03,Unauthorized
BAAG1G1,2025-07-29 17:27:05,Unauthorized
BAAG1O1,2025-07-29 17:27:07,Unauthorized
58AAG101AAE,2025-07-29 17:27:13,Unauthorized
BAAG1G1A,2025-07-29 17:27:14,Unauthorized
KBAA0101BAAUA,2025-07-29 17:27:15,Unauthorized
BAAG1G1CD,2025-07-29 17:27:15,Unauthorized
5AAG101,2025-07-29 17:27:15,Unauthorized
KBAAG1G10414,2025-07-29 17:27:16,Unauthorized
KBAAG1O1BAGMA,2025-07-29 17:27:16,Unauthorized
BAAG1G1BAGVA,2025-07-29 17:27:17,Unauthorized
BBAAG101B4302,2025-07-29 17:27:17,Unauthorized
BAAG1G1BAUAT,2025-07-29 17:27:18,Unauthorized
BBAA01O1BAMAT,2025-07-29 17:27:19,Unauthorized
BBAA01O1BAGMA,2025-07-29 17:27:19,Unauthorized
KBAA0101BASMAT,2025-07-29 17:27:20,Unauthorized
BBAA01G1BACM44,2025-07-29 17:27:20,Unauthorized
BAA0101AGHAR,2025-07-29 17:27:21,Unauthorized
BAAO1O1846MUIAT,2025-07-29 17:27:21,Unauthorized
BAA0101BAGHET,2025-07-29 17:27:21,Unauthorized
KBAA01G1BAGUATM,2025-07-29 17:27:22,Unauthorized
1BAA0101,2025-07-29 17:27:22,Unauthorized
BAA0101,2025-07-29 17:27:23,Unauthorized
BBAA01GVEAAA,2025-07-29 17:27:24,Unauthorized
AA0101,2025-07-29 17:27:25,Unauthorized
BAA0101BAGMATL,2025-07-29 17:27:26,Unauthorized
EBAAG101BA044,2025-07-29 17:27:26,Unauthorized
BAAG101BAGMATI,2025-07-29 17:27:27,Unauthorized
BAA0101BAGHATI,2025-07-29 17:27:27,Unauthorized
EBAA0101BAGHATI,2025-07-29 17:27:28,Unauthorized
EBAA0101BAGMATI,2025-07-29 17:27:28,Unauthorized
BAA0101BAGMATI,2025-07-29 17:27:28,Authorized
BAA0101AGMATI,2025-07-29 17:27:29,Unauthorized
BAAG101BAGHATI,2025-07-29 17:27:29,Unauthorized
BAAG1O1BAGMATI,2025-07-29 17:27:30,Unauthorized
BAA01O1BAGMATI,2025-07-29 17:27:30,Unauthorized
KBAA0101BAGMATI,2025-07-29 17:27:31,Unauthorized
KBAAG1O1B4GM4TI,2025-07-29 17:27:32,Unauthorized
BAA01O1EAGMATI,2025-07-29 17:27:32,Unauthorized
BAA01O1BAGMAR,2025-07-29 17:27:33,Unauthorized
BAA01O1BAGMAT,2025-07-29 17:27:33,Unauthorized
BBAA0101BAGMATI,2025-07-29 17:27:34,Unauthorized
BAA01D1BAGMATI,2025-07-29 17:27:34,Unauthorized
BAAG1D13,2025-07-29 17:27:36,Unauthorized
BAA1O1BAGMATI,2025-07-29 17:27:36,Unauthorized
BAA01O134G447,2025-07-29 17:27:37,Unauthorized
BAA01013ACU4T,2025-07-29 17:27:38,Unauthorized
BAA0101BAGMAT,2025-07-29 17:27:38,Unauthorized
6BAA0101BAGMATI,2025-07-29 17:27:39,Unauthorized
56AAG101AOVI,2025-07-30 17:35:20,Unauthorized
AA0101BAGMATI,2025-07-30 17:35:22,Unauthorized
3AA01I0AGMAN,2025-07-30 17:35:24,Unauthorized
3AA01DIB46VRIH,2025-07-30 17:35:25,Unauthorized
AA6101MADHAT,2025-07-30 17:35:26,Unauthorized
3AAG1D19A04,2025-07-30 17:35:27,Unauthorized
BAAG1DIBAUATI,2025-07-30 17:35:28,Unauthorized
3AAG101048N,2025-07-30 17:35:30,Unauthorized
3AA0101WADAM,2025-07-30 17:35:30,Unauthorized
AA01DIAA,2025-07-30 17:35:31,Unauthorized
AAG101BAGVA,2025-07-30 17:35:33,Unauthorized
AAG101BAGMATI,2025-07-30 17:35:34,Unauthorized
AA0101AGMAU,2025-07-30 17:35:35,Unauthorized
AAG10135,2025-07-30 17:35:37,Unauthorized
BAAG101DAGVAT,2025-07-30 17:35:38,Unauthorized
BAA0101VAUA,2025-07-30 17:35:40,Unauthorized
BAAG101EAGMAM,2025-07-30 17:35:41,Unauthorized
BAAG10LEADUN,2025-07-30 17:35:42,Unauthorized
BAAG101BAGUATI,2025-07-30 17:35:45,Unauthorized
BAAG101LBAGMATI,2025-07-30 17:35:46,Unauthorized
BAAG101YBAGMATI,2025-07-30 17:35:46,Unauthorized
BAAG101BAGMATI,2025-07-30 17:35:47,Unauthorized
BAA0101BAGMATI,2025-07-30 17:35:48,Authorized
BAAG1O1AAEAT,2025-07-30 17:35:49,Unauthorized
BAAG1O1JBAGMATI,2025-07-30 17:35:50,Unauthorized
BAA0101BAGHATI,2025-07-30 17:35:51,Unauthorized
BA40101BAGMATI,2025-07-30 17:35:52,Unauthorized
BAAG101IGUT,2025-07-30 17:35:53,Unauthorized
BAAG101,2025-07-30 17:35:54,Unauthorized
BAA01010AONAN,2025-07-30 17:35:55,Unauthorized
3544PM,2025-07-30 17:35:58,Unauthorized
BAA0101,2025-07-30 17:36:02,Unauthorized
EAAG101,2025-07-30 17:36:03,Unauthorized
5AAG101,2025-07-30 17:36:04,Unauthorized
50AA0101,2025-07-30 17:36:04,Unauthorized
ERAAG101,2025-07-30 17:36:05,Unauthorized
5PAAC1G1,2025-07-30 17:36:06,Unauthorized
50A40101,2025-07-30 17:36:07,Unauthorized
EBAA01017,2025-07-30 17:36:07,Unauthorized
ATAMT,2025-07-30 17:36:08,Unauthorized
BA404DI,2025-07-30 17:36:17,Unauthorized
AA0161VWR,2025-07-30 17:36:17,Unauthorized
3AAG101OAUMATI,2025-07-30 17:36:18,Unauthorized
BAA1010UNAM,2025-07-30 17:36:19,Unauthorized
8AA0101BAGMATI,2025-07-30 17:36:20,Unauthorized
TROLSYSTCM,2025-07-30 17:36:21,Unauthorized
IROLSYATCM,2025-07-30 17:36:21,Unauthorized
UOLSYSTCM,2025-07-30 17:36:22,Unauthorized
KROLSYSTCM,2025-07-30 17:36:22,Unauthorized
VROLSYATEM,2025-07-30 17:36:23,Unauthorized
FEED30JUL2025053609PM,2025-07-30 17:36:24,Unauthorized
JUL2025053610PM,2025-07-30 17:36:24,Unauthorized
AA01D1TGUIT,2025-07-30 17:36:28,Unauthorized
AA0101BAGMATI,2025-07-30 17:36:30,Unauthorized
AA101BAGMATI,2025-07-30 17:36:31,Unauthorized
AAG101BAGMATI,2025-07-30 17:36:36,Unauthorized
1A0101BAGMATI,2025-07-30 17:36:45,Unauthorized
AA0101AGKATI,2025-07-30 17:36:48,Unauthorized
BAAG1DIE3N,2025-07-30 17:36:49,Unauthorized
AA01O1BAGHATI,2025-07-30 17:36:50,Unauthorized
AA0101BAGMATI,2025-07-30 17:36:51,Unauthorized
AA01G1BAGMATI,2025-07-30 17:36:55,Unauthorized
AA101BAGMATI,2025-07-30 17:36:56,Unauthorized
3AA0101BAGMATI,2025-07-30 17:37:02,Unauthorized
RIZED,2025-07-30 17:37:10,Unauthorized
AA0101BAGMATI,2025-07-30 17:37:11,Unauthorized
3AAG10IBAGMATI,2025-07-30 17:37:14,Unauthorized
3AAG101WU,2025-07-30 17:37:15,Unauthorized
AAG101WN,2025-07-30 17:37:17,Unauthorized
AA0101AAI,2025-07-30 17:37:19,Unauthorized
AAG101M,2025-07-30 17:37:20,Unauthorized
AA010,2025-07-30 17:37:21,Unauthorized
BAAG101WUAR,2025-07-30 17:37:22,Unauthorized
AAO1O1BAGVATI,2025-07-30 17:37:24,Unauthorized
AAG1G1MAUMAI,2025-07-30 17:37:29,Unauthorized
AA0101BAGMATI,2025-07-30 17:37:32,Unauthorized
AAC1G1BAGMATI,2025-07-30 17:37:37,Unauthorized
AAO101BAGMATI,2025-07-30 17:37:42,Unauthorized
AA0101EAGVATI,2025-07-30 17:37:48,Unauthorized
AA0101BAGMATI,2025-07-30 17:37:52,Unauthorized
3AA0101BAGMATI,2025-07-30 17:37:56,Unauthorized
AA01D1BAGMATI,2025-07-30 17:38:08,Unauthorized
BAAO1OIBAGVATI,2025-07-30 17:38:09,Unauthorized
3AAG1O1EAGVATI,2025-07-30 17:38:10,Unauthorized
3AA0101J0IIM,2025-07-30 17:38:11,Unauthorized
AA0101BAGMATI,2025-07-30 17:38:13,Unauthorized
AA101BAGMATII,2025-07-30 17:38:16,Unauthorized
AA011IBAGMATI,2025-07-30 17:38:19,Unauthorized
BAA0101BAGMATI,2025-07-30 17:38:21,Authorized
BAA01DIBGVAI,2025-07-30 17:38:24,Unauthorized
3AAO101BAGIAATI,2025-07-30 17:38:25,Unauthorized
3AA0101BAGMATI,2025-07-30 17:38:26,Unauthorized
AA0101WAOMATI,2025-07-30 17:38:27,Unauthorized
BAAO1O1BAGMATI,2025-07-30 17:38:28,Unauthorized
BAA01O1BAGMATI,2025-07-30 17:38:29,Unauthorized
BAA4777BAGMATI,2025-07-30 17:38:31,Unauthorized
BAA4777BAGVATI,2025-07-30 17:38:32,Unauthorized
BAA4777DAGMATI,2025-07-30 17:38:33,Unauthorized
BAA4777BAGVAM,2025-07-30 17:38:33,Unauthorized
BAA4777AAGMAT,2025-07-30 17:38:34,Unauthorized
AA4777SOII,2025-07-30 17:38:35,Unauthorized
3AA4777BAGMATI,2025-07-30 17:38:40,Unauthorized
AA4777BAGMATI,2025-07-30 17:38:40,Unauthorized
5AA4777BAGMATI,2025-07-30 17:38:41,Unauthorized
BAA4777OAGMATI,2025-07-30 17:38:44,Unauthorized
BAA47773UMN,2025-07-30 17:38:46,Unauthorized
BAA4777BAGMATI,2025-07-30 17:38:51,Unauthorized
BAA4777BAGMAATI,2025-07-30 17:38:53,Unauthorized
BAA4777BAGMATA,2025-07-30 17:38:54,Unauthorized
BAA4777BAGMAT,2025-07-30 17:39:02,Unauthorized
BAA47770AGMATI,2025-07-30 17:39:03,Unauthorized
BAA4777BAGVATI,2025-07-30 17:39:07,Unauthorized
BAA4777AAGMATI,2025-07-30 17:39:08,Unauthorized
BAA4Z77BAGMATA,2025-07-30 17:39:11,Unauthorized
BAA4777BAGMATI,2025-07-30 17:39:11,Unauthorized
THORIZED,2025-07-30 17:39:12,Unauthorized
BAA477AGMATI,2025-07-30 17:39:16,Unauthorized
BAA47770AGMATI,2025-07-30 17:39:24,Unauthorized
BAA4777AGMATI,2025-07-30 17:39:26,Unauthorized
BAA4777BAGHATI,2025-07-30 17:39:27,Unauthorized
E444777,2025-07-30 17:39:30,Unauthorized
B6647,2025-07-30 17:39:31,Unauthorized
30JUL2025053904PM,2025-07-30 17:39:31,Unauthorized
BAA4777,2025-07-30 17:39:32,Unauthorized
BAA4777W46IAT,2025-07-30 17:39:33,Unauthorized
BAA4777BAGMATI,2025-07-30 17:39:33,Unauthorized
BBAA47776AI,2025-07-30 17:39:34,Unauthorized
BAA4777QAGMATI,2025-07-30 17:39:35,Unauthorized
BAA4777AAGMAT,2025-07-30 17:39:36,Unauthorized
BAA4Z770AGMATI,2025-07-30 17:39:36,Unauthorized
BAA4777BAGMAII,2025-07-30 17:39:37,Unauthorized
BAA4777BAGMATA,2025-07-30 17:39:39,Unauthorized
BAA4Z77BAGMATI,2025-07-30 17:39:39,Unauthorized
30JUL202513PM,2025-07-30 17:39:40,Unauthorized
30JUL2025053913,2025-07-30 17:39:41,Unauthorized
30JUL202518PM,2025-07-30 17:39:42,Unauthorized
2025053918PM,2025-07-30 17:39:43,Unauthorized
BAA477,2025-07-30 17:39:44,Unauthorized
30JUL2025053918PM,2025-07-30 17:39:44,Unauthorized
FEED30JUL2025053918,2025-07-30 17:39:45,Unauthorized
104777,2025-07-30 17:39:48,Unauthorized
BAA4777BEGV,2025-07-30 17:39:49,Unauthorized
6AA777,2025-07-30 17:39:50,Unauthorized
8AA4777,2025-07-30 17:39:50,Unauthorized
2025053928PM,2025-07-30 17:39:52,Unauthorized
FEED30JUL2025053928,2025-07-30 17:39:52,Unauthorized
AA4777,2025-07-30 17:39:54,Unauthorized
3AAJOAGMATI4777,2025-07-30 17:39:56,Unauthorized
BAA4777AGMATI,2025-07-30 17:39:57,Unauthorized
BAA4777,2025-07-30 17:39:58,Unauthorized
3AA4777,2025-07-30 17:39:59,Unauthorized
3AA4777JOAGMATI,2025-07-30 17:40:01,Unauthorized
BAA47778AGMATI,2025-07-30 17:40:02,Unauthorized
BAA4777AOI,2025-07-30 17:40:04,Unauthorized
BAA4777BAGMATI,2025-07-30 17:40:05,Unauthorized
BAA4777B46V474,2025-07-30 17:40:06,Unauthorized
BAA4Z77BAGVATU,2025-07-30 17:40:09,Unauthorized
5AA4777BAGHAT,2025-07-30 17:40:09,Unauthorized
3AA4777BAGMATI,2025-07-30 17:40:12,Unauthorized
BAA4777E4U,2025-07-30 17:40:16,Unauthorized
BAA477794V4,2025-07-30 17:40:21,Unauthorized
